D01,D
D02,D
D04,D
D05,D
D06,D
D07,D
D08,D
D09,D
D10,D
D11,D
D12,D
D13,D
D15,D
D18,D
D19,D
D20,D
D21,D
D22,D
D23,D
D24,D
D25,D
D26,D
D27,D
D28,D
D29,D
D30,D
D31,D
D32,D
D33,D
D34,D
D35,D
D36,D
D37,D
D38,D
D39,D
D40,D
D41,D
D42,D
D43,D
D44,D
D45,D
D46,D
D47,D
D48,D
D49,D
D50,D
D51,D
D52,D
D53,D
D54,D
D55,D
D56,D
P01,P
P02,P
P04,P
P05,P
P06,P
P07,P
P08,P
P09,P
P10,P
P11,P
P12,P
P13,P
P15,P
P18,P
P19,P
P21,P
P20,P
P22,P
P23,P
P24,P
P25,P
P26,P
P27,P
P28,P
P29,P
P30,P
P31,P
P32,P
P33,P
P34,P
P35,P
P36,P
P37,P
P38,P
P39,P
P40,P
P41,P
P42,P
P43,P
P44,P
P45,P
P46,P
P47,P
P48,P
P49,P
P50,P
P51,P
P52,P
P53,P
P54,P
P55,P
P56,P
R01,R
R02,R
R04,R
R05,R
R06,R
R08,R
R07,R
R09,R
R10,R
R11,R
R12,R
R13,R
R15,R
R18,R
R19,R
R20,R
R21,R
R22,R
R23,R
R24,R
R25,R
R26,R
R27,R
R28,R
R29,R
R30,R
R31,R
R32,R
R33,R
R34,R
R35,R
R36,R
R37,R
R38,R
R39,R
R40,R
R41,R
R42,R
R43,R
R44,R
R45,R
R46,R
R47,R
R48,R
R49,R
R50,R
R51,R
R52,R
R53,R
R54,R
R55,R
R56,R
S01,S
S02,S
S04,S
S05,S
S06,S
S07,S
S08,S
S09,S
S10,S
S11,S
S12,S
S13,S
S15,S
S18,S
S19,S
S20,S
S21,S
S22,S
S23,S
S24,S
S25,S
S26,S
S27,S
S28,S
S29,S
S30,S
S31,S
S32,S
S33,S
S34,S
S35,S
S36,S
S37,S
S38,S
S39,S
S40,S
S41,S
S42,S
S43,S
S44,S
S45,S
S46,S
S47,S
S48,S
S49,S
S50,S
S51,S
S52,S
S53,S
S54,S
S55,S
S56,S
T01,T
T02,T
T04,T
T05,T
T06,T
T07,T
T08,T
T09,T
T10,T
T11,T
T12,T
T13,T
T15,T
T18,T
T19,T
T20,T
T21,T
T22,T
T23,T
T24,T
T25,T
T26,T
T27,T
T28,T
T29,T
T30,T
T31,T
T32,T
T33,T
T34,T
T35,T
T36,T
T37,T
T38,T
T39,T
T40,T
T41,T
T42,T
T43,T
T44,T
T45,T
T46,T
T47,T
T48,T
T49,T
T50,T
T51,T
T52,T
T53,T
T54,T
T55,T
T56,T
